block,setting,student,epoch,fiq_r10,cirr_r1,cirr_rs1,false_neg_pct,run_dir
seeds,"SP, 3 runs",VISTA,7/8/5,27.51+-0.05,25.42+-0.00,55.86+-0.06,,results/bge_vl/distill_bge_vl_sp_w3000;results/bge_vl/distill_bge_vl_sp_w3000_seed43;results/bge_vl/distill_bge_vl_sp_w3000_seed44
seeds,"SP, 3 runs",MagicLens-B,1/1/1,27.60+-0.09,32.65+-0.02,69.90+-0.10,,results/magiclens/distill_magiclens_bge_vl_sp_w3000_ce0.1;results/magiclens/distill_magiclens_bge_vl_sp_w3000_ce0.1_seed43;results/magiclens/distill_magiclens_bge_vl_sp_w3000_ce0.1_seed44
lambda_con,lambda_con=1,VISTA,7,27.46,25.42,55.8,,results/bge_vl/distill_bge_vl_sp_w3000
lambda_con,lambda_con=0.3,VISTA,10,27.63,25.76,55.35,,results/bge_vl/distill_bge_vl_sp_w3000_ce0.3
lambda_con,lambda_con=0.1,VISTA,9,27.06,24.59,53.46,,results/bge_vl/distill_bge_vl_sp_w3000_ce0.1
lambda_con,lambda_con=0.03,VISTA,8,26.1,22.89,50.85,,results/bge_vl/distill_bge_vl_sp_w3000_ce0.03
lambda_con,lambda_con=1,MagicLens-B,1,25.88,31.79,69.17,,results/magiclens/distill_magiclens_bge_vl_sp_w3000
lambda_con,lambda_con=0.3,MagicLens-B,1,26.94,32.62,69.86,,results/magiclens/distill_magiclens_bge_vl_sp_w3000_ce0.3
lambda_con,lambda_con=0.1,MagicLens-B,1,27.52,32.62,69.79,,results/magiclens/distill_magiclens_bge_vl_sp_w3000_ce0.1
lambda_con,lambda_con=0.03,MagicLens-B,2,27.04,32.31,69.94,,results/magiclens/distill_magiclens_bge_vl_sp_w3000_ce0.03
groups,groups: random,VISTA,5,27.19,25.88,56.35,0.02,results/lamra_ret/distill_lamra_ret_sp_random
groups,groups: moderate (k=32),VISTA,3,27.08,25.04,54.82,0.55,results/lamra_ret/distill_lamra_ret_sp_moderate
groups,groups: tight (k=200),VISTA,3,25.98,23.06,52.21,2.73,results/lamra_ret/distill_lamra_ret_sp_tight
