,,,,unsupervised test split,,,,,,,,
,,,,,,,,,,,,
student,family,objective,epoch,fiq_val_r5,fiq_val_r10,fiq_val_r50,global R@1,global R@5,global R@10,subset@1,subset@2,subset@3
VISTA,reference,zero-shot,-,18.38,24.04,41.17,20.14,49.18,63.2,46.89,70.675,85.277
VISTA,reference,contrastive FT,1,19.55,25.71,44.08,24.19,54.34,68.02,53.08,75.3,87.34
VISTA,response,MarginMSE,4,19.6,26.03,44.15,25.614,55.229,68.94,53.494,75.373,88.265
VISTA,response,KL,5,19.96,26.31,44.35,27.06,56.602,69.663,54.723,76.217,88.169
VISTA,response,ListMLE,3,19.33,25.53,43.87,25.373,54.337,67.904,53.711,75.711,88.072
VISTA,response,CE+MSE,1,19.67,25.48,43.78,23.928,53.687,67.518,52.554,74.651,87.277
VISTA,feature,Feature regression,9,20.11,26.14,45.04,25.325,55.036,68.843,54.193,76.434,87.88
VISTA,feature,CRD-N,4,20.45,27.15,46.09,26.024,56.241,69.663,54.699,77.036,88.482
VISTA,relation,SP,7,21.16,27.46,46.54,26.29,56.53,69.61,55.49,77.44,88.77
VISTA,relation,RKD,2,20.77,27.09,45.41,25.855,56.627,69.952,54.313,76.506,88.53
VISTA,relation,CRD-P,7,19.88,25.91,44.6,24.723,54.723,68.313,53.012,75.735,87.542
MagicLens-B,reference,zero-shot,-,19.36,25.9,48.41,29.52,59.61,72.63,67.35,84.12,92.79
MagicLens-B,response,MarginMSE,1,18.64,25.77,45.93,31.229,62,73.952,63.759,81.831,91.614
MagicLens-B,response,KL,4,19.88,26.9,47.7,32.94,63.952,76.145,63.952,82.096,91.952
MagicLens-B,response,ListMLE,2,16.62,23.25,44.54,29.277,60.361,72.651,63.398,81.422,91.422
MagicLens-B,response,CE+MSE,1,18.07,24.44,44.86,29.518,60.578,73.566,63.952,81.831,91.518
MagicLens-B,feature,Feature regression,8,20.24,26.65,48.83,32.217,63.88,76.12,66.651,83.711,92.675
MagicLens-B,feature,CRD-N,1,18.05,25.42,46.84,30.193,59.928,72.867,66.964,84,93.133
MagicLens-B,relation,SP,1,20.4,27.52,49.57,31.88,62.27,73.71,68.27,84.48,93.39
MagicLens-B,relation,RKD,1,19.75,26.81,48.94,31.614,61.783,73.59,67.976,84.265,93.133
MagicLens-B,relation,CRD-P,1,19.79,27.23,49.24,31.759,61.807,73.639,68.048,84.554,92.916